"","symbol","date","open","close"
"8036","LTC","2014-01-01",24.35,24.62
"8037","LTC","2014-01-02",24.7,25.76
"8038","LTC","2014-01-03",25.67,24.82
"8039","LTC","2014-01-04",24.81,25.11
"8040","LTC","2014-01-05",25.04,26.83
"8041","LTC","2014-01-06",26.91,29.22
"8042","LTC","2014-01-07",29.24,23.25
"8043","LTC","2014-01-08",22.84,24.39
"8044","LTC","2014-01-09",24.49,24.43
"8045","LTC","2014-01-10",24.45,24.93
"8046","LTC","2014-01-11",24.99,26.79
"8047","LTC","2014-01-12",27.05,25.09
"8048","LTC","2014-01-13",25.13,24.27
"8049","LTC","2014-01-14",24.28,24.1
"8050","LTC","2014-01-15",24.1,25.22
"8051","LTC","2014-01-16",25.27,24.46
"8052","LTC","2014-01-17",24.4,23.71
"8053","LTC","2014-01-18",23.81,24.55
"8054","LTC","2014-01-19",24.56,25.44
"8055","LTC","2014-01-20",25.43,25.2
"8056","LTC","2014-01-21",25.2,24.73
"8057","LTC","2014-01-22",24.85,23.65
"8058","LTC","2014-01-23",23.65,22.38
"8059","LTC","2014-01-24",22.3,20.72
"8060","LTC","2014-01-25",20.7,23.08
"8061","LTC","2014-01-26",23.2,24.12
"8062","LTC","2014-01-27",24.13,20.02
"8063","LTC","2014-01-28",20.12,21.55
"8064","LTC","2014-01-29",21.42,21.92
"8065","LTC","2014-01-30",21.91,21.69
"8066","LTC","2014-01-31",21.65,22.13
"8067","LTC","2014-02-01",22.1,22.47
"8068","LTC","2014-02-02",22.5,22.4
"8069","LTC","2014-02-03",22.37,21.91
"8070","LTC","2014-02-04",21.9,21.46
"8071","LTC","2014-02-05",21.53,20.78
"8072","LTC","2014-02-06",20.86,19.91
"8073","LTC","2014-02-07",19.9,18.54
"8074","LTC","2014-02-08",18.53,18.08
"8075","LTC","2014-02-09",18.02,18.22
"8076","LTC","2014-02-10",18.3,17.74
"8077","LTC","2014-02-11",17.76,17.46
"8078","LTC","2014-02-12",17.41,16.95
"8079","LTC","2014-02-13",16.93,15.29
"8080","LTC","2014-02-14",15.37,16.41
"8081","LTC","2014-02-15",16.45,16.17
"8082","LTC","2014-02-16",16.09,15.2
"8083","LTC","2014-02-17",15.14,15.49
"8084","LTC","2014-02-18",15.47,15.62
"8085","LTC","2014-02-19",15.56,15.73
"8086","LTC","2014-02-20",15.7,13.98
"8087","LTC","2014-02-21",13.98,13.89
"8088","LTC","2014-02-22",13.92,14.94
"8089","LTC","2014-02-23",14.98,15.49
"8090","LTC","2014-02-24",15.42,14.55
"8091","LTC","2014-02-25",14.5,13.82
"8092","LTC","2014-02-26",13.8,14.23
"8093","LTC","2014-02-27",14.26,14.29
"8094","LTC","2014-02-28",14.29,13.23
"8095","LTC","2014-03-01",13.23,13.65
"8096","LTC","2014-03-02",13.66,12.74
"8097","LTC","2014-03-03",12.78,14.27
"8098","LTC","2014-03-04",14.29,17.07
"8099","LTC","2014-03-05",16.99,16.34
"8100","LTC","2014-03-06",16.38,16.46
"8101","LTC","2014-03-07",16.48,15.85
"8102","LTC","2014-03-08",15.86,15.41
"8103","LTC","2014-03-09",15.41,16
"8104","LTC","2014-03-10",15.98,16.01
"8105","LTC","2014-03-11",16.01,16.14
"8106","LTC","2014-03-12",16.1,17.18
"8107","LTC","2014-03-13",17.16,17.02
"8108","LTC","2014-03-14",17,16.59
"8109","LTC","2014-03-15",16.6,16.9
"8110","LTC","2014-03-16",16.89,17.35
"8111","LTC","2014-03-17",17.35,17.31
"8112","LTC","2014-03-18",17.29,19.42
"8113","LTC","2014-03-19",19.45,17.24
"8114","LTC","2014-03-20",17.17,16.47
"8115","LTC","2014-03-21",16.4,15.7
"8116","LTC","2014-03-22",15.64,15.71
"8117","LTC","2014-03-23",15.71,15.36
"8118","LTC","2014-03-24",15.3,16.19
"8119","LTC","2014-03-25",16.23,16.3
"8120","LTC","2014-03-26",16.29,16.27
"8121","LTC","2014-03-27",16.28,12.48
"8122","LTC","2014-03-28",12.66,13.74
"8123","LTC","2014-03-29",13.91,13.45
"8124","LTC","2014-03-30",13.45,13.14
"8125","LTC","2014-03-31",13.15,12.75
"8126","LTC","2014-04-01",12.77,13.13
"8127","LTC","2014-04-02",13.09,11.29
"8128","LTC","2014-04-03",11.26,11.05
"8129","LTC","2014-04-04",11.07,11.02
"8130","LTC","2014-04-05",11,11.19
"8131","LTC","2014-04-06",11.18,11.64
"8132","LTC","2014-04-07",11.66,11.26
"8133","LTC","2014-04-08",11.21,11.36
"8134","LTC","2014-04-09",11.38,11.19
"8135","LTC","2014-04-10",11.19,8.46
"8136","LTC","2014-04-11",8.42,10.95
"8137","LTC","2014-04-12",10.9,10.66
"8138","LTC","2014-04-13",10.66,10.31
"8139","LTC","2014-04-14",10.39,11.52
"8140","LTC","2014-04-15",11.46,13.25
"8141","LTC","2014-04-16",13.3,13.37
"8142","LTC","2014-04-17",13.42,12.52
"8143","LTC","2014-04-18",12.46,12.06
"8144","LTC","2014-04-19",12.05,12.82
"8145","LTC","2014-04-20",12.85,12.62
"8146","LTC","2014-04-21",12.56,12.5
"8147","LTC","2014-04-22",12.5,12.07
"8148","LTC","2014-04-23",12.04,12.13
"8149","LTC","2014-04-24",12.14,12.55
"8150","LTC","2014-04-25",12.54,10.79
"8151","LTC","2014-04-26",10.81,10.57
"8152","LTC","2014-04-27",10.56,9.92
"8153","LTC","2014-04-28",9.79,10.13
"8154","LTC","2014-04-29",10.12,10.4
"8155","LTC","2014-04-30",10.4,10.9
"8156","LTC","2014-05-01",10.93,11.1
"8157","LTC","2014-05-02",11.13,10.5
"8158","LTC","2014-05-03",10.52,10.31
"8159","LTC","2014-05-04",10.3,10.32
"8160","LTC","2014-05-05",10.31,10.18
"8161","LTC","2014-05-06",10.21,10.33
"8162","LTC","2014-05-07",10.34,10.51
"8163","LTC","2014-05-08",10.51,10.45
"8164","LTC","2014-05-09",10.42,10.75
"8165","LTC","2014-05-10",10.76,10.73
"8166","LTC","2014-05-11",10.72,10.36
"8167","LTC","2014-05-12",10.34,10.41
"8168","LTC","2014-05-13",10.42,10.42
"8169","LTC","2014-05-14",10.41,10.43
"8170","LTC","2014-05-15",10.43,10.45
"8171","LTC","2014-05-16",10.48,10.41
"8172","LTC","2014-05-17",10.44,10.35
"8173","LTC","2014-05-18",10.35,10.36
"8174","LTC","2014-05-19",10.34,10.3
"8175","LTC","2014-05-20",10.3,10.63
"8176","LTC","2014-05-21",10.6,10.59
"8177","LTC","2014-05-22",10.58,10.67
"8178","LTC","2014-05-23",10.65,11.23
"8179","LTC","2014-05-24",11.21,11.1
"8180","LTC","2014-05-25",11.12,11.53
"8181","LTC","2014-05-26",11.58,11.56
"8182","LTC","2014-05-27",11.55,11.15
"8183","LTC","2014-05-28",11.16,11.03
"8184","LTC","2014-05-29",11.01,10.78
"8185","LTC","2014-05-30",10.78,11.25
"8186","LTC","2014-05-31",11.26,10.93
"8187","LTC","2014-06-01",10.93,11.14
"8188","LTC","2014-06-02",11.15,11.36
"8189","LTC","2014-06-03",11.36,11.48
"8190","LTC","2014-06-04",11.47,11.06
"8191","LTC","2014-06-05",11.04,11.29
"8192","LTC","2014-06-06",11.3,11.2
"8193","LTC","2014-06-07",11.2,11.11
"8194","LTC","2014-06-08",11.11,11.27
"8195","LTC","2014-06-09",11.27,11.18
"8196","LTC","2014-06-10",11.21,11.11
"8197","LTC","2014-06-11",11.1,10.94
"8198","LTC","2014-06-12",10.93,10.17
"8199","LTC","2014-06-13",10.16,10.25
"8200","LTC","2014-06-14",10.26,9.93
"8201","LTC","2014-06-15",9.87,9.94
"8202","LTC","2014-06-16",9.96,9.71
"8203","LTC","2014-06-17",9.68,9.66
"8204","LTC","2014-06-18",9.67,9.68
"8205","LTC","2014-06-19",9.68,9.99
"8206","LTC","2014-06-20",10,9.83
"8207","LTC","2014-06-21",9.84,9.83
"8208","LTC","2014-06-22",9.85,9.77
"8209","LTC","2014-06-23",9.77,9.72
"8210","LTC","2014-06-24",9.73,9.63
"8211","LTC","2014-06-25",9.61,9.19
"8212","LTC","2014-06-26",9.2,9.09
"8213","LTC","2014-06-27",9.09,9.25
"8214","LTC","2014-06-28",9.27,9.19
"8215","LTC","2014-06-29",9.2,8.96
"8216","LTC","2014-06-30",8.97,8.95
"8217","LTC","2014-07-01",8.96,7.79
"8218","LTC","2014-07-02",7.98,8.16
"8219","LTC","2014-07-03",8.07,8.03
"8220","LTC","2014-07-04",8.03,7.34
"8221","LTC","2014-07-05",7.32,7.28
"8222","LTC","2014-07-06",7.3,7.11
"8223","LTC","2014-07-07",7.1,7.56
"8224","LTC","2014-07-08",7.58,7.73
"8225","LTC","2014-07-09",7.77,7.79
"8226","LTC","2014-07-10",7.78,7.79
"8227","LTC","2014-07-11",7.8,7.85
"8228","LTC","2014-07-12",7.86,8.62
"8229","LTC","2014-07-13",8.61,8.9
"8230","LTC","2014-07-14",8.9,8.62
"8231","LTC","2014-07-15",8.62,8.56
"8232","LTC","2014-07-16",8.56,8.32
"8233","LTC","2014-07-17",8.33,8.66
"8234","LTC","2014-07-18",8.66,8.72
"8235","LTC","2014-07-19",8.72,8.61
"8236","LTC","2014-07-20",8.61,8.46
"8237","LTC","2014-07-21",8.46,8.59
"8238","LTC","2014-07-22",8.59,8.57
"8239","LTC","2014-07-23",8.57,8.46
"8240","LTC","2014-07-24",8.47,7.79
"8241","LTC","2014-07-25",7.78,7.55
"8242","LTC","2014-07-26",7.58,7.6
"8243","LTC","2014-07-27",7.61,7.75
"8244","LTC","2014-07-28",7.76,7.59
"8245","LTC","2014-07-29",7.59,7.65
"8246","LTC","2014-07-30",7.65,7.26
"8247","LTC","2014-07-31",7.28,7.54
"8248","LTC","2014-08-01",7.54,7.7
"8249","LTC","2014-08-02",7.71,7.63
"8250","LTC","2014-08-03",7.63,7.54
"8251","LTC","2014-08-04",7.54,7.41
"8252","LTC","2014-08-05",7.41,7.27
"8253","LTC","2014-08-06",7.26,7.18
"8254","LTC","2014-08-07",7.19,7.18
"8255","LTC","2014-08-08",7.18,7.06
"8256","LTC","2014-08-09",7.06,6.94
"8257","LTC","2014-08-10",6.95,6.95
"8258","LTC","2014-08-11",6.96,6.06
"8259","LTC","2014-08-12",6.06,5.65
"8260","LTC","2014-08-13",5.65,5.04
"8261","LTC","2014-08-14",5.04,5.04
"8262","LTC","2014-08-15",5.06,5.05
"8263","LTC","2014-08-16",5.05,4.98
"8264","LTC","2014-08-17",4.97,4.33
"8265","LTC","2014-08-18",4.35,3.71
"8266","LTC","2014-08-19",3.71,4.67
"8267","LTC","2014-08-20",4.72,5.45
"8268","LTC","2014-08-21",5.46,5.8
"8269","LTC","2014-08-22",5.8,5.25
"8270","LTC","2014-08-23",5.24,4.9
"8271","LTC","2014-08-24",4.89,5.45
"8272","LTC","2014-08-25",5.4,5.21
"8273","LTC","2014-08-26",5.2,5.54
"8274","LTC","2014-08-27",5.55,5.39
"8275","LTC","2014-08-28",5.39,5.28
"8276","LTC","2014-08-29",5.29,5.36
"8277","LTC","2014-08-30",5.36,5.23
"8278","LTC","2014-08-31",5.21,4.86
"8279","LTC","2014-09-01",4.86,4.71
"8280","LTC","2014-09-02",4.71,4.82
"8281","LTC","2014-09-03",4.82,4.87
"8282","LTC","2014-09-04",4.87,5.18
"8283","LTC","2014-09-05",5.17,4.96
"8284","LTC","2014-09-06",4.97,4.98
"8285","LTC","2014-09-07",4.99,5.16
"8286","LTC","2014-09-08",5.16,5.1
"8287","LTC","2014-09-09",5.09,5.07
"8288","LTC","2014-09-10",5.06,5.34
"8289","LTC","2014-09-11",5.34,5.45
"8290","LTC","2014-09-12",5.46,5.38
"8291","LTC","2014-09-13",5.39,5.45
"8292","LTC","2014-09-14",5.45,5.4
"8293","LTC","2014-09-15",5.4,5.18
"8294","LTC","2014-09-16",5.17,5.07
"8295","LTC","2014-09-17",5.09,5.06
"8296","LTC","2014-09-18",5.07,4.69
"8297","LTC","2014-09-19",4.69,4.33
"8298","LTC","2014-09-20",4.33,4.29
"8299","LTC","2014-09-21",4.26,4.25
"8300","LTC","2014-09-22",4.25,4.24
"8301","LTC","2014-09-23",4.24,4.75
"8302","LTC","2014-09-24",4.74,4.67
"8303","LTC","2014-09-25",4.67,4.51
"8304","LTC","2014-09-26",4.51,4.43
"8305","LTC","2014-09-27",4.43,4.42
"8306","LTC","2014-09-28",4.42,4.23
"8307","LTC","2014-09-29",4.24,4.25
"8308","LTC","2014-09-30",4.25,4.47
"8309","LTC","2014-10-01",4.47,4.43
"8310","LTC","2014-10-02",4.43,4.32
"8311","LTC","2014-10-03",4.32,4.18
"8312","LTC","2014-10-04",4.17,3.94
"8313","LTC","2014-10-05",3.94,3.7
"8314","LTC","2014-10-06",3.7,3.82
"8315","LTC","2014-10-07",3.81,3.86
"8316","LTC","2014-10-08",3.86,3.91
"8317","LTC","2014-10-09",3.91,3.9
"8318","LTC","2014-10-10",3.9,3.81
"8319","LTC","2014-10-11",3.8,3.77
"8320","LTC","2014-10-12",3.78,3.85
"8321","LTC","2014-10-13",3.85,3.86
"8322","LTC","2014-10-14",3.86,4.08
"8323","LTC","2014-10-15",4.08,4.06
"8324","LTC","2014-10-16",4.06,3.99
"8325","LTC","2014-10-17",3.99,3.99
"8326","LTC","2014-10-18",3.99,4.06
"8327","LTC","2014-10-19",4.06,3.99
"8328","LTC","2014-10-20",3.98,3.91
"8329","LTC","2014-10-21",3.91,3.94
"8330","LTC","2014-10-22",3.94,3.84
"8331","LTC","2014-10-23",3.85,3.74
"8332","LTC","2014-10-24",3.74,3.75
"8333","LTC","2014-10-25",3.75,3.67
"8334","LTC","2014-10-26",3.67,3.73
"8335","LTC","2014-10-27",3.72,3.81
"8336","LTC","2014-10-28",3.81,3.85
"8337","LTC","2014-10-29",3.85,3.73
"8338","LTC","2014-10-30",3.73,3.79
"8339","LTC","2014-10-31",3.78,3.75
"8340","LTC","2014-11-01",3.76,3.57
"8341","LTC","2014-11-02",3.58,3.59
"8342","LTC","2014-11-03",3.59,3.58
"8343","LTC","2014-11-04",3.58,3.59
"8344","LTC","2014-11-05",3.59,3.64
"8345","LTC","2014-11-06",3.64,3.65
"8346","LTC","2014-11-07",3.65,3.56
"8347","LTC","2014-11-08",3.56,3.56
"8348","LTC","2014-11-09",3.55,3.63
"8349","LTC","2014-11-10",3.63,3.7
"8350","LTC","2014-11-11",3.7,3.68
"8351","LTC","2014-11-12",3.68,4.07
"8352","LTC","2014-11-13",4.13,4.1
"8353","LTC","2014-11-14",4.09,3.99
"8354","LTC","2014-11-15",3.99,3.85
"8355","LTC","2014-11-16",3.84,3.88
"8356","LTC","2014-11-17",3.88,3.88
"8357","LTC","2014-11-18",3.88,3.77
"8358","LTC","2014-11-19",3.78,3.81
"8359","LTC","2014-11-20",3.81,3.61
"8360","LTC","2014-11-21",3.61,3.5
"8361","LTC","2014-11-22",3.5,3.52
"8362","LTC","2014-11-23",3.52,3.59
"8363","LTC","2014-11-24",3.59,3.63
"8364","LTC","2014-11-25",3.62,3.57
"8365","LTC","2014-11-26",3.57,3.56
"8366","LTC","2014-11-27",3.57,3.56
"8367","LTC","2014-11-28",3.56,3.6
"8368","LTC","2014-11-29",3.6,3.59
"8369","LTC","2014-11-30",3.59,3.58
"8370","LTC","2014-12-01",3.58,3.58
"8371","LTC","2014-12-02",3.58,3.63
"8372","LTC","2014-12-03",3.63,3.61
"8373","LTC","2014-12-04",3.61,3.59
"8374","LTC","2014-12-05",3.59,3.62
"8375","LTC","2014-12-06",3.62,3.61
"8376","LTC","2014-12-07",3.62,3.71
"8377","LTC","2014-12-08",3.71,3.65
"8378","LTC","2014-12-09",3.66,3.52
"8379","LTC","2014-12-10",3.52,3.5
"8380","LTC","2014-12-11",3.49,3.48
"8381","LTC","2014-12-12",3.48,3.49
"8382","LTC","2014-12-13",3.49,3.48
"8383","LTC","2014-12-14",3.48,3.48
"8384","LTC","2014-12-15",3.48,3.45
"8385","LTC","2014-12-16",3.45,3.02
"8386","LTC","2014-12-17",3.01,2.94
"8387","LTC","2014-12-18",2.94,2.81
"8388","LTC","2014-12-19",2.81,2.87
"8389","LTC","2014-12-20",2.87,2.92
"8390","LTC","2014-12-21",2.91,2.85
"8391","LTC","2014-12-22",2.86,2.89
"8392","LTC","2014-12-23",2.89,2.88
"8393","LTC","2014-12-24",2.88,2.74
"8394","LTC","2014-12-25",2.74,2.7
"8395","LTC","2014-12-26",2.7,2.78
"8396","LTC","2014-12-27",2.78,2.72
"8397","LTC","2014-12-28",2.72,2.73
"8398","LTC","2014-12-29",2.73,2.69
"8399","LTC","2014-12-30",2.7,2.7
"8400","LTC","2014-12-31",2.7,2.72
"8401","LTC","2015-01-01",2.72,2.7
"8402","LTC","2015-01-02",2.7,2.67
"8403","LTC","2015-01-03",2.67,2.13
"8404","LTC","2015-01-04",2.11,1.96
"8405","LTC","2015-01-05",1.96,2.08
"8406","LTC","2015-01-06",2.08,2.11
"8407","LTC","2015-01-07",2.12,2.12
"8408","LTC","2015-01-08",2.12,2.01
"8409","LTC","2015-01-09",2.01,1.98
"8410","LTC","2015-01-10",1.97,1.65
"8411","LTC","2015-01-11",1.65,1.72
"8412","LTC","2015-01-12",1.72,1.71
"8413","LTC","2015-01-13",1.71,1.54
"8414","LTC","2015-01-14",1.55,1.16
"8415","LTC","2015-01-15",1.15,1.28
"8416","LTC","2015-01-16",1.28,1.4
"8417","LTC","2015-01-17",1.4,1.29
"8418","LTC","2015-01-18",1.3,1.33
"8419","LTC","2015-01-19",1.33,1.34
"8420","LTC","2015-01-20",1.34,1.32
"8421","LTC","2015-01-21",1.32,1.37
"8422","LTC","2015-01-22",1.37,1.42
"8423","LTC","2015-01-23",1.41,1.43
"8424","LTC","2015-01-24",1.43,1.84
"8425","LTC","2015-01-25",1.84,2.25
"8426","LTC","2015-01-26",2.25,2.08
"8427","LTC","2015-01-27",2.07,2.09
"8428","LTC","2015-01-28",2.09,1.87
"8429","LTC","2015-01-29",1.88,1.92
"8430","LTC","2015-01-30",1.91,1.9
"8431","LTC","2015-01-31",1.9,1.87
"8432","LTC","2015-02-01",1.88,1.8
"8433","LTC","2015-02-02",1.81,1.88
"8434","LTC","2015-02-03",1.87,1.82
"8435","LTC","2015-02-04",1.82,1.79
"8436","LTC","2015-02-05",1.79,1.74
"8437","LTC","2015-02-06",1.74,1.76
"8438","LTC","2015-02-07",1.76,1.78
"8439","LTC","2015-02-08",1.79,1.78
"8440","LTC","2015-02-09",1.79,1.73
"8441","LTC","2015-02-10",1.73,1.76
"8442","LTC","2015-02-11",1.76,1.73
"8443","LTC","2015-02-12",1.73,1.76
"8444","LTC","2015-02-13",1.76,1.82
"8445","LTC","2015-02-14",1.82,1.94
"8446","LTC","2015-02-15",1.94,1.84
"8447","LTC","2015-02-16",1.84,1.8
"8448","LTC","2015-02-17",1.79,1.85
"8449","LTC","2015-02-18",1.86,1.83
"8450","LTC","2015-02-19",1.83,1.85
"8451","LTC","2015-02-20",1.84,1.85
"8452","LTC","2015-02-21",1.85,1.85
"8453","LTC","2015-02-22",1.85,1.8
"8454","LTC","2015-02-23",1.8,1.82
"8455","LTC","2015-02-24",1.81,1.83
"8456","LTC","2015-02-25",1.83,1.8
"8457","LTC","2015-02-26",1.81,1.81
"8458","LTC","2015-02-27",1.8,1.85
"8459","LTC","2015-02-28",1.85,1.84
"8460","LTC","2015-03-01",1.85,1.89
"8461","LTC","2015-03-02",1.89,1.94
"8462","LTC","2015-03-03",1.94,1.96
"8463","LTC","2015-03-04",1.96,1.93
"8464","LTC","2015-03-05",1.92,1.92
"8465","LTC","2015-03-06",1.92,1.9
"8466","LTC","2015-03-07",1.89,1.91
"8467","LTC","2015-03-08",1.91,1.89
"8468","LTC","2015-03-09",1.89,1.94
"8469","LTC","2015-03-10",1.94,2.01
"8470","LTC","2015-03-11",2.01,2.03
"8471","LTC","2015-03-12",2.02,2.04
"8472","LTC","2015-03-13",2.04,2.01
"8473","LTC","2015-03-14",2,2
"8474","LTC","2015-03-15",1.99,2.02
"8475","LTC","2015-03-16",2.02,2.03
"8476","LTC","2015-03-17",2.03,1.98
"8477","LTC","2015-03-18",1.98,1.74
"8478","LTC","2015-03-19",1.74,1.76
"8479","LTC","2015-03-20",1.76,1.77
"8480","LTC","2015-03-21",1.77,1.75
"8481","LTC","2015-03-22",1.75,1.8
"8482","LTC","2015-03-23",1.8,1.78
"8483","LTC","2015-03-24",1.78,1.65
"8484","LTC","2015-03-25",1.65,1.67
"8485","LTC","2015-03-26",1.67,1.7
"8486","LTC","2015-03-27",1.69,1.69
"8487","LTC","2015-03-28",1.68,1.7
"8488","LTC","2015-03-29",1.7,1.66
"8489","LTC","2015-03-30",1.66,1.67
"8490","LTC","2015-03-31",1.67,1.65
"8491","LTC","2015-04-01",1.65,1.66
"8492","LTC","2015-04-02",1.67,1.68
"8493","LTC","2015-04-03",1.68,1.7
"8494","LTC","2015-04-04",1.7,1.69
"8495","LTC","2015-04-05",1.68,1.7
"8496","LTC","2015-04-06",1.7,1.69
"8497","LTC","2015-04-07",1.69,1.67
"8498","LTC","2015-04-08",1.67,1.63
"8499","LTC","2015-04-09",1.62,1.59
"8500","LTC","2015-04-10",1.59,1.53
"8501","LTC","2015-04-11",1.52,1.46
"8502","LTC","2015-04-12",1.46,1.46
"8503","LTC","2015-04-13",1.47,1.38
"8504","LTC","2015-04-14",1.38,1.38
"8505","LTC","2015-04-15",1.38,1.38
"8506","LTC","2015-04-16",1.38,1.42
"8507","LTC","2015-04-17",1.42,1.41
"8508","LTC","2015-04-18",1.41,1.41
"8509","LTC","2015-04-19",1.41,1.39
"8510","LTC","2015-04-20",1.38,1.41
"8511","LTC","2015-04-21",1.41,1.42
"8512","LTC","2015-04-22",1.43,1.45
"8513","LTC","2015-04-23",1.46,1.46
"8514","LTC","2015-04-24",1.46,1.42
"8515","LTC","2015-04-25",1.42,1.4
"8516","LTC","2015-04-26",1.4,1.32
"8517","LTC","2015-04-27",1.32,1.38
"8518","LTC","2015-04-28",1.38,1.36
"8519","LTC","2015-04-29",1.36,1.36
"8520","LTC","2015-04-30",1.36,1.44
"8521","LTC","2015-05-01",1.44,1.41
"8522","LTC","2015-05-02",1.41,1.42
"8523","LTC","2015-05-03",1.42,1.43
"8524","LTC","2015-05-04",1.43,1.41
"8525","LTC","2015-05-05",1.41,1.41
"8526","LTC","2015-05-06",1.41,1.39
"8527","LTC","2015-05-07",1.39,1.46
"8528","LTC","2015-05-08",1.45,1.48
"8529","LTC","2015-05-09",1.48,1.45
"8530","LTC","2015-05-10",1.45,1.44
"8531","LTC","2015-05-11",1.44,1.44
"8532","LTC","2015-05-12",1.44,1.45
"8533","LTC","2015-05-13",1.44,1.45
"8534","LTC","2015-05-14",1.45,1.45
"8535","LTC","2015-05-15",1.45,1.45
"8536","LTC","2015-05-16",1.45,1.45
"8537","LTC","2015-05-17",1.45,1.45
"8538","LTC","2015-05-18",1.45,1.45
"8539","LTC","2015-05-19",1.45,1.45
"8540","LTC","2015-05-20",1.45,1.46
"8541","LTC","2015-05-21",1.46,1.48
"8542","LTC","2015-05-22",1.48,1.83
"8543","LTC","2015-05-23",1.83,1.79
"8544","LTC","2015-05-24",1.79,1.83
"8545","LTC","2015-05-25",1.83,1.8
"8546","LTC","2015-05-26",1.8,1.82
"8547","LTC","2015-05-27",1.82,1.85
"8548","LTC","2015-05-28",1.85,1.84
"8549","LTC","2015-05-29",1.84,1.83
"8550","LTC","2015-05-30",1.83,1.81
"8551","LTC","2015-05-31",1.81,1.64
"8552","LTC","2015-06-01",1.64,1.62
"8553","LTC","2015-06-02",1.62,1.67
"8554","LTC","2015-06-03",1.67,1.69
"8555","LTC","2015-06-04",1.69,1.67
"8556","LTC","2015-06-05",1.67,1.76
"8557","LTC","2015-06-06",1.76,1.76
"8558","LTC","2015-06-07",1.76,1.73
"8559","LTC","2015-06-08",1.73,1.79
"8560","LTC","2015-06-09",1.78,1.8
"8561","LTC","2015-06-10",1.8,1.76
"8562","LTC","2015-06-11",1.76,1.79
"8563","LTC","2015-06-12",1.79,1.8
"8564","LTC","2015-06-13",1.8,1.86
"8565","LTC","2015-06-14",1.86,2
"8566","LTC","2015-06-15",2,2.02
"8567","LTC","2015-06-16",2.02,2.88
"8568","LTC","2015-06-17",2.9,2.89
"8569","LTC","2015-06-18",2.89,3.1
"8570","LTC","2015-06-19",3.1,2.81
"8571","LTC","2015-06-20",2.81,3.04
"8572","LTC","2015-06-21",3.04,3.02
"8573","LTC","2015-06-22",3.02,3.03
"8574","LTC","2015-06-23",3.03,2.97
"8575","LTC","2015-06-24",2.97,2.78
"8576","LTC","2015-06-25",2.77,2.85
"8577","LTC","2015-06-26",2.85,2.86
"8578","LTC","2015-06-27",2.86,3.1
"8579","LTC","2015-06-28",3.09,3.31
"8580","LTC","2015-06-29",3.19,3.74
"8581","LTC","2015-06-30",3.74,4.09
"8582","LTC","2015-07-01",4.09,3.92
"8583","LTC","2015-07-02",3.93,4.07
"8584","LTC","2015-07-03",4.06,4.12
"8585","LTC","2015-07-04",4.12,4.11
"8586","LTC","2015-07-05",4.13,4.95
"8587","LTC","2015-07-06",4.95,5.42
"8588","LTC","2015-07-07",5.44,5.23
"8589","LTC","2015-07-08",5.25,6.36
"8590","LTC","2015-07-09",6.36,7.54
"8591","LTC","2015-07-10",7.53,4.51
"8592","LTC","2015-07-11",4.48,4.37
"8593","LTC","2015-07-12",4.39,5.29
"8594","LTC","2015-07-13",5.3,4.68
"8595","LTC","2015-07-14",4.68,4.65
"8596","LTC","2015-07-15",4.65,4.21
"8597","LTC","2015-07-16",4.2,3.69
"8598","LTC","2015-07-17",3.72,3.79
"8599","LTC","2015-07-18",3.78,4
"8600","LTC","2015-07-19",4,3.77
"8601","LTC","2015-07-20",3.77,3.94
"8602","LTC","2015-07-21",3.93,3.77
"8603","LTC","2015-07-22",3.78,3.82
"8604","LTC","2015-07-23",3.83,3.78
"8605","LTC","2015-07-24",3.79,4.6
"8606","LTC","2015-07-25",4.6,4.63
"8607","LTC","2015-07-26",4.63,4.66
"8608","LTC","2015-07-27",4.68,4.67
"8609","LTC","2015-07-28",4.67,5.06
"8610","LTC","2015-07-29",5.05,4.8
"8611","LTC","2015-07-30",4.79,4.58
"8612","LTC","2015-07-31",4.58,4.64
"8613","LTC","2015-08-01",4.64,4.15
"8614","LTC","2015-08-02",4.09,4.17
"8615","LTC","2015-08-03",4.17,4.16
"8616","LTC","2015-08-04",4.18,4.38
"8617","LTC","2015-08-05",4.37,4.35
"8618","LTC","2015-08-06",4.35,4.06
"8619","LTC","2015-08-07",4.06,4.21
"8620","LTC","2015-08-08",4.22,3.85
"8621","LTC","2015-08-09",3.84,3.9
"8622","LTC","2015-08-10",3.9,3.95
"8623","LTC","2015-08-11",3.95,4.16
"8624","LTC","2015-08-12",4.14,3.99
"8625","LTC","2015-08-13",3.97,3.88
"8626","LTC","2015-08-14",3.88,4.03
"8627","LTC","2015-08-15",4.02,3.93
"8628","LTC","2015-08-16",3.93,3.95
"8629","LTC","2015-08-17",3.96,3.98
"8630","LTC","2015-08-18",3.98,3.47
"8631","LTC","2015-08-19",3.48,3.48
"8632","LTC","2015-08-20",3.47,3.61
"8633","LTC","2015-08-21",3.6,3.57
"8634","LTC","2015-08-22",3.56,3.51
"8635","LTC","2015-08-23",3.51,3.39
"8636","LTC","2015-08-24",3.39,2.99
"8637","LTC","2015-08-25",2.98,2.94
"8638","LTC","2015-08-26",2.95,2.95
"8639","LTC","2015-08-27",2.95,2.87
"8640","LTC","2015-08-28",2.84,2.91
"8641","LTC","2015-08-29",2.92,2.88
"8642","LTC","2015-08-30",2.87,2.85
"8643","LTC","2015-08-31",2.85,2.84
"8644","LTC","2015-09-01",2.85,2.82
"8645","LTC","2015-09-02",2.82,2.8
"8646","LTC","2015-09-03",2.8,2.63
"8647","LTC","2015-09-04",2.64,2.7
"8648","LTC","2015-09-05",2.7,2.92
"8649","LTC","2015-09-06",2.92,3.05
"8650","LTC","2015-09-07",3.04,3.05
"8651","LTC","2015-09-08",3.05,3.05
"8652","LTC","2015-09-09",3.05,2.92
"8653","LTC","2015-09-10",2.92,2.95
"8654","LTC","2015-09-11",2.95,2.96
"8655","LTC","2015-09-12",2.96,2.83
"8656","LTC","2015-09-13",2.82,2.82
"8657","LTC","2015-09-14",2.81,2.84
"8658","LTC","2015-09-15",2.84,2.82
"8659","LTC","2015-09-16",2.83,2.8
"8660","LTC","2015-09-17",2.81,2.91
"8661","LTC","2015-09-18",2.91,2.96
"8662","LTC","2015-09-19",2.95,2.87
"8663","LTC","2015-09-20",2.88,2.85
"8664","LTC","2015-09-21",2.85,2.8
"8665","LTC","2015-09-22",2.8,2.84
"8666","LTC","2015-09-23",2.86,2.87
"8667","LTC","2015-09-24",2.87,2.93
"8668","LTC","2015-09-25",2.93,2.89
"8669","LTC","2015-09-26",2.89,2.89
"8670","LTC","2015-09-27",2.89,2.87
"8671","LTC","2015-09-28",2.88,3.07
"8672","LTC","2015-09-29",3.1,2.97
"8673","LTC","2015-09-30",2.97,3.01
"8674","LTC","2015-10-01",3.01,3
"8675","LTC","2015-10-02",3,2.99
"8676","LTC","2015-10-03",3,3.03
"8677","LTC","2015-10-04",3.03,3.01
"8678","LTC","2015-10-05",3.02,3.02
"8679","LTC","2015-10-06",3.02,3.15
"8680","LTC","2015-10-07",3.15,3.06
"8681","LTC","2015-10-08",3.06,3.06
"8682","LTC","2015-10-09",3.07,3.11
"8683","LTC","2015-10-10",3.11,3.11
"8684","LTC","2015-10-11",3.11,3.15
"8685","LTC","2015-10-12",3.15,3.14
"8686","LTC","2015-10-13",3.14,3.18
"8687","LTC","2015-10-14",3.18,3.14
"8688","LTC","2015-10-15",3.15,3.1
"8689","LTC","2015-10-16",3.11,3.11
"8690","LTC","2015-10-17",3.11,3.07
"8691","LTC","2015-10-18",3.07,3.02
"8692","LTC","2015-10-19",3.03,3.05
"8693","LTC","2015-10-20",3.05,3.09
"8694","LTC","2015-10-21",3.09,3.08
"8695","LTC","2015-10-22",3.08,3.11
"8696","LTC","2015-10-23",3.12,3.11
"8697","LTC","2015-10-24",3.11,3.1
"8698","LTC","2015-10-25",3.11,3.07
"8699","LTC","2015-10-26",3.07,3.1
"8700","LTC","2015-10-27",3.11,3.09
"8701","LTC","2015-10-28",3.1,3.1
"8702","LTC","2015-10-29",3.1,3.78
"8703","LTC","2015-10-30",3.77,4.06
"8704","LTC","2015-10-31",4.08,3.8
"8705","LTC","2015-11-01",3.82,3.96
"8706","LTC","2015-11-02",3.98,4.16
"8707","LTC","2015-11-03",4.17,4.59
"8708","LTC","2015-11-04",4.58,4.23
"8709","LTC","2015-11-05",4.2,3.96
"8710","LTC","2015-11-06",3.95,3.55
"8711","LTC","2015-11-07",3.55,3.6
"8712","LTC","2015-11-08",3.62,3.42
"8713","LTC","2015-11-09",3.43,3.4
"8714","LTC","2015-11-10",3.4,3.12
"8715","LTC","2015-11-11",3.12,2.97
"8716","LTC","2015-11-12",2.97,3.28
"8717","LTC","2015-11-13",3.27,3.23
"8718","LTC","2015-11-14",3.22,3.19
"8719","LTC","2015-11-15",3.2,3.07
"8720","LTC","2015-11-16",3.07,3.19
"8721","LTC","2015-11-17",3.19,3.2
"8722","LTC","2015-11-18",3.2,3.19
"8723","LTC","2015-11-19",3.19,3.13
"8724","LTC","2015-11-20",3.14,3.12
"8725","LTC","2015-11-21",3.12,3.15
"8726","LTC","2015-11-22",3.16,3.14
"8727","LTC","2015-11-23",3.14,3.12
"8728","LTC","2015-11-24",3.13,3.11
"8729","LTC","2015-11-25",3.11,3.34
"8730","LTC","2015-11-26",3.35,3.61
"8731","LTC","2015-11-27",3.6,3.58
"8732","LTC","2015-11-28",3.58,3.52
"8733","LTC","2015-11-29",3.53,3.67
"8734","LTC","2015-11-30",3.66,3.62
"8735","LTC","2015-12-01",3.63,3.43
"8736","LTC","2015-12-02",3.43,3.34
"8737","LTC","2015-12-03",3.35,3.38
"8738","LTC","2015-12-04",3.38,3.36
"8739","LTC","2015-12-05",3.37,3.52
"8740","LTC","2015-12-06",3.53,3.47
"8741","LTC","2015-12-07",3.45,3.65
"8742","LTC","2015-12-08",3.65,3.69
"8743","LTC","2015-12-09",3.68,3.67
"8744","LTC","2015-12-10",3.67,3.66
"8745","LTC","2015-12-11",3.67,3.84
"8746","LTC","2015-12-12",3.84,3.61
"8747","LTC","2015-12-13",3.6,3.63
"8748","LTC","2015-12-14",3.64,3.61
"8749","LTC","2015-12-15",3.62,3.83
"8750","LTC","2015-12-16",3.84,3.7
"8751","LTC","2015-12-17",3.7,3.74
"8752","LTC","2015-12-18",3.75,3.76
"8753","LTC","2015-12-19",3.77,3.72
"8754","LTC","2015-12-20",3.74,3.54
"8755","LTC","2015-12-21",3.55,3.46
"8756","LTC","2015-12-22",3.46,3.42
"8757","LTC","2015-12-23",3.43,3.58
"8758","LTC","2015-12-24",3.59,3.64
"8759","LTC","2015-12-25",3.65,3.62
"8760","LTC","2015-12-26",3.64,3.42
"8761","LTC","2015-12-27",3.42,3.48
"8762","LTC","2015-12-28",3.48,3.47
"8763","LTC","2015-12-29",3.47,3.5
"8764","LTC","2015-12-30",3.51,3.46
"8765","LTC","2015-12-31",3.46,3.48
"8766","LTC","2016-01-01",3.48,3.51
"8767","LTC","2016-01-02",3.52,3.5
"8768","LTC","2016-01-03",3.5,3.48
"8769","LTC","2016-01-04",3.48,3.5
"8770","LTC","2016-01-05",3.49,3.47
"8771","LTC","2016-01-06",3.47,3.45
"8772","LTC","2016-01-07",3.45,3.6
"8773","LTC","2016-01-08",3.6,3.57
"8774","LTC","2016-01-09",3.57,3.56
"8775","LTC","2016-01-10",3.56,3.54
"8776","LTC","2016-01-11",3.53,3.56
"8777","LTC","2016-01-12",3.55,3.49
"8778","LTC","2016-01-13",3.49,3.48
"8779","LTC","2016-01-14",3.47,3.47
"8780","LTC","2016-01-15",3.46,3
"8781","LTC","2016-01-16",2.97,3.09
"8782","LTC","2016-01-17",3.09,3.03
"8783","LTC","2016-01-18",3.02,3.05
"8784","LTC","2016-01-19",3.05,3.02
"8785","LTC","2016-01-20",3.01,3.39
"8786","LTC","2016-01-21",3.38,3.22
"8787","LTC","2016-01-22",3.23,3.08
"8788","LTC","2016-01-23",3.08,3.1
"8789","LTC","2016-01-24",3.11,3.18
"8790","LTC","2016-01-25",3.19,3.13
"8791","LTC","2016-01-26",3.13,3.15
"8792","LTC","2016-01-27",3.16,3.29
"8793","LTC","2016-01-28",3.29,3.12
"8794","LTC","2016-01-29",3.14,3.11
"8795","LTC","2016-01-30",3.12,3.08
"8796","LTC","2016-01-31",3.1,3.05
"8797","LTC","2016-02-01",3.07,3.08
"8798","LTC","2016-02-02",3.09,3.08
"8799","LTC","2016-02-03",3.09,3.05
"8800","LTC","2016-02-04",3.06,3.16
"8801","LTC","2016-02-05",3.17,3.14
"8802","LTC","2016-02-06",3.15,3.1
"8803","LTC","2016-02-07",3.11,3.09
"8804","LTC","2016-02-08",3.09,3.06
"8805","LTC","2016-02-09",3.08,3.08
"8806","LTC","2016-02-10",3.09,3.1
"8807","LTC","2016-02-11",3.11,3.08
"8808","LTC","2016-02-12",3.09,3.11
"8809","LTC","2016-02-13",3.12,3.13
"8810","LTC","2016-02-14",3.15,3.21
"8811","LTC","2016-02-15",3.23,3.18
"8812","LTC","2016-02-16",3.2,3.21
"8813","LTC","2016-02-17",3.23,3.24
"8814","LTC","2016-02-18",3.25,3.25
"8815","LTC","2016-02-19",3.26,3.25
"8816","LTC","2016-02-20",3.27,3.46
"8817","LTC","2016-02-21",3.46,3.46
"8818","LTC","2016-02-22",3.47,3.48
"8819","LTC","2016-02-23",3.49,3.4
"8820","LTC","2016-02-24",3.4,3.37
"8821","LTC","2016-02-25",3.39,3.37
"8822","LTC","2016-02-26",3.37,3.42
"8823","LTC","2016-02-27",3.43,3.41
"8824","LTC","2016-02-28",3.41,3.44
"8825","LTC","2016-02-29",3.44,3.45
"8826","LTC","2016-03-01",3.45,3.43
"8827","LTC","2016-03-02",3.43,3.37
"8828","LTC","2016-03-03",3.36,3.32
"8829","LTC","2016-03-04",3.32,3.25
"8830","LTC","2016-03-05",3.25,3.19
"8831","LTC","2016-03-06",3.19,3.22
"8832","LTC","2016-03-07",3.22,3.27
"8833","LTC","2016-03-08",3.27,3.25
"8834","LTC","2016-03-09",3.25,3.28
"8835","LTC","2016-03-10",3.28,3.29
"8836","LTC","2016-03-11",3.29,3.38
"8837","LTC","2016-03-12",3.39,3.29
"8838","LTC","2016-03-13",3.29,3.31
"8839","LTC","2016-03-14",3.31,3.3
"8840","LTC","2016-03-15",3.3,3.31
"8841","LTC","2016-03-16",3.31,3.31
"8842","LTC","2016-03-17",3.31,3.31
"8843","LTC","2016-03-18",3.31,3.17
"8844","LTC","2016-03-19",3.17,3.18
"8845","LTC","2016-03-20",3.18,3.21
"8846","LTC","2016-03-21",3.21,3.2
"8847","LTC","2016-03-22",3.2,3.23
"8848","LTC","2016-03-23",3.23,3.24
"8849","LTC","2016-03-24",3.25,3.22
"8850","LTC","2016-03-25",3.23,3.23
"8851","LTC","2016-03-26",3.23,3.23
"8852","LTC","2016-03-27",3.23,3.3
"8853","LTC","2016-03-28",3.3,3.26
"8854","LTC","2016-03-29",3.26,3.23
"8855","LTC","2016-03-30",3.23,3.22
"8856","LTC","2016-03-31",3.23,3.26
"8857","LTC","2016-04-01",3.25,3.24
"8858","LTC","2016-04-02",3.25,3.26
"8859","LTC","2016-04-03",3.26,3.26
"8860","LTC","2016-04-04",3.26,3.25
"8861","LTC","2016-04-05",3.25,3.25
"8862","LTC","2016-04-06",3.26,3.26
"8863","LTC","2016-04-07",3.26,3.25
"8864","LTC","2016-04-08",3.24,3.22
"8865","LTC","2016-04-09",3.22,3.22
"8866","LTC","2016-04-10",3.22,3.23
"8867","LTC","2016-04-11",3.23,3.24
"8868","LTC","2016-04-12",3.24,3.26
"8869","LTC","2016-04-13",3.26,3.24
"8870","LTC","2016-04-14",3.25,3.24
"8871","LTC","2016-04-15",3.24,3.28
"8872","LTC","2016-04-16",3.28,3.27
"8873","LTC","2016-04-17",3.28,3.26
"8874","LTC","2016-04-18",3.26,3.24
"8875","LTC","2016-04-19",3.25,3.29
"8876","LTC","2016-04-20",3.29,3.28
"8877","LTC","2016-04-21",3.28,3.35
"8878","LTC","2016-04-22",3.35,3.32
"8879","LTC","2016-04-23",3.32,3.33
"8880","LTC","2016-04-24",3.35,3.63
"8881","LTC","2016-04-25",3.62,3.81
"8882","LTC","2016-04-26",3.8,4.05
"8883","LTC","2016-04-27",4.05,3.89
"8884","LTC","2016-04-28",3.88,3.79
"8885","LTC","2016-04-29",3.79,3.81
"8886","LTC","2016-04-30",3.81,3.66
"8887","LTC","2016-05-01",3.66,3.71
"8888","LTC","2016-05-02",3.71,3.68
"8889","LTC","2016-05-03",3.68,3.74
"8890","LTC","2016-05-04",3.74,3.75
"8891","LTC","2016-05-05",3.74,3.71
"8892","LTC","2016-05-06",3.72,3.82
"8893","LTC","2016-05-07",3.82,3.95
"8894","LTC","2016-05-08",3.94,3.94
"8895","LTC","2016-05-09",3.94,4.06
"8896","LTC","2016-05-10",4.06,3.82
"8897","LTC","2016-05-11",3.82,3.88
"8898","LTC","2016-05-12",3.88,3.86
"8899","LTC","2016-05-13",3.86,3.93
"8900","LTC","2016-05-14",3.93,4.01
"8901","LTC","2016-05-15",4.01,4.06
"8902","LTC","2016-05-16",4.06,4.01
"8903","LTC","2016-05-17",4,3.98
"8904","LTC","2016-05-18",3.98,4
"8905","LTC","2016-05-19",4,3.83
"8906","LTC","2016-05-20",3.82,3.88
"8907","LTC","2016-05-21",3.88,3.95
"8908","LTC","2016-05-22",3.96,3.93
"8909","LTC","2016-05-23",3.92,3.97
"8910","LTC","2016-05-24",3.96,3.95
"8911","LTC","2016-05-25",3.95,4.05
"8912","LTC","2016-05-26",4.05,4.08
"8913","LTC","2016-05-27",4.09,4.5
"8914","LTC","2016-05-28",4.51,4.7
"8915","LTC","2016-05-29",4.69,4.61
"8916","LTC","2016-05-30",4.63,4.67
"8917","LTC","2016-05-31",4.69,4.65
"8918","LTC","2016-06-01",4.65,4.74
"8919","LTC","2016-06-02",4.74,4.72
"8920","LTC","2016-06-03",4.72,4.86
"8921","LTC","2016-06-04",4.86,4.81
"8922","LTC","2016-06-05",4.8,4.81
"8923","LTC","2016-06-06",4.81,4.96
"8924","LTC","2016-06-07",4.95,4.77
"8925","LTC","2016-06-08",4.77,4.75
"8926","LTC","2016-06-09",4.78,4.69
"8927","LTC","2016-06-10",4.75,4.84
"8928","LTC","2016-06-11",4.88,5.01
"8929","LTC","2016-06-12",5.07,5.33
"8930","LTC","2016-06-13",5.41,5.29
"8931","LTC","2016-06-14",5.31,5.2
"8932","LTC","2016-06-15",5.22,5.24
"8933","LTC","2016-06-16",5.25,5.66
"8934","LTC","2016-06-17",5.67,5.59
"8935","LTC","2016-06-18",5.6,5.56
"8936","LTC","2016-06-19",5.56,5.59
"8937","LTC","2016-06-20",5.63,5.29
"8938","LTC","2016-06-21",5.27,4.82
"8939","LTC","2016-06-22",4.83,3.91
"8940","LTC","2016-06-23",3.92,3.85
"8941","LTC","2016-06-24",3.85,4.28
"8942","LTC","2016-06-25",4.27,4.23
"8943","LTC","2016-06-26",4.24,4.07
"8944","LTC","2016-06-27",4.05,4.12
"8945","LTC","2016-06-28",4.14,4.1
"8946","LTC","2016-06-29",4.1,4.06
"8947","LTC","2016-06-30",4.08,4.19
"8948","LTC","2016-07-01",4.19,4.26
"8949","LTC","2016-07-02",4.28,4.59
"8950","LTC","2016-07-03",4.66,4.25
"8951","LTC","2016-07-04",4.27,4.54
"8952","LTC","2016-07-05",4.56,4.45
"8953","LTC","2016-07-06",4.46,4.47
"8954","LTC","2016-07-07",4.5,4.11
"8955","LTC","2016-07-08",4.12,4.22
"8956","LTC","2016-07-09",4.24,4.16
"8957","LTC","2016-07-10",4.12,4.1
"8958","LTC","2016-07-11",4.12,4.09
"8959","LTC","2016-07-12",4.09,4.15
"8960","LTC","2016-07-13",4.16,4.14
"8961","LTC","2016-07-14",4.14,4.15
"8962","LTC","2016-07-15",4.15,4.16
"8963","LTC","2016-07-16",4.15,4.13
"8964","LTC","2016-07-17",4.14,4.19
"8965","LTC","2016-07-18",4.2,4.15
"8966","LTC","2016-07-19",4.15,4.15
"8967","LTC","2016-07-20",4.15,4.13
"8968","LTC","2016-07-21",4.13,4.12
"8969","LTC","2016-07-22",4.13,4.04
"8970","LTC","2016-07-23",4.04,4.06
"8971","LTC","2016-07-24",4.06,4.07
"8972","LTC","2016-07-25",4.07,4.03
"8973","LTC","2016-07-26",4.04,3.97
"8974","LTC","2016-07-27",3.96,3.96
"8975","LTC","2016-07-28",3.97,3.97
"8976","LTC","2016-07-29",3.97,4.08
"8977","LTC","2016-07-30",4.08,4.06
"8978","LTC","2016-07-31",4.08,4.01
"8979","LTC","2016-08-01",4.06,3.86
"8980","LTC","2016-08-02",3.87,3.64
"8981","LTC","2016-08-03",3.64,3.72
"8982","LTC","2016-08-04",3.71,3.75
"8983","LTC","2016-08-05",3.74,3.73
"8984","LTC","2016-08-06",3.72,3.76
"8985","LTC","2016-08-07",3.76,3.78
"8986","LTC","2016-08-08",3.77,3.79
"8987","LTC","2016-08-09",3.78,3.76
"8988","LTC","2016-08-10",3.76,3.72
"8989","LTC","2016-08-11",3.72,3.74
"8990","LTC","2016-08-12",3.74,3.71
"8991","LTC","2016-08-13",3.71,3.71
"8992","LTC","2016-08-14",3.72,3.65
"8993","LTC","2016-08-15",3.65,3.58
"8994","LTC","2016-08-16",3.59,3.64
"8995","LTC","2016-08-17",3.65,3.6
"8996","LTC","2016-08-18",3.6,3.61
"8997","LTC","2016-08-19",3.61,3.6
"8998","LTC","2016-08-20",3.61,3.62
"8999","LTC","2016-08-21",3.62,3.62
"9000","LTC","2016-08-22",3.62,3.66
"9001","LTC","2016-08-23",3.66,3.93
"9002","LTC","2016-08-24",3.93,3.86
"9003","LTC","2016-08-25",3.86,3.8
"9004","LTC","2016-08-26",3.8,3.83
"9005","LTC","2016-08-27",3.82,3.74
"9006","LTC","2016-08-28",3.74,3.74
"9007","LTC","2016-08-29",3.74,3.76
"9008","LTC","2016-08-30",3.77,3.8
"9009","LTC","2016-08-31",3.81,3.8
"9010","LTC","2016-09-01",3.8,3.83
"9011","LTC","2016-09-02",3.84,3.82
"9012","LTC","2016-09-03",3.83,3.89
"9013","LTC","2016-09-04",3.89,4.01
"9014","LTC","2016-09-05",4.02,3.98
"9015","LTC","2016-09-06",3.98,3.97
"9016","LTC","2016-09-07",3.99,3.97
"9017","LTC","2016-09-08",3.97,3.99
"9018","LTC","2016-09-09",3.98,3.97
"9019","LTC","2016-09-10",3.97,3.97
"9020","LTC","2016-09-11",3.97,3.86
"9021","LTC","2016-09-12",3.87,3.82
"9022","LTC","2016-09-13",3.83,3.82
"9023","LTC","2016-09-14",3.82,3.83
"9024","LTC","2016-09-15",3.83,3.81
"9025","LTC","2016-09-16",3.82,3.81
"9026","LTC","2016-09-17",3.8,3.81
"9027","LTC","2016-09-18",3.81,4.04
"9028","LTC","2016-09-19",4.04,3.83
"9029","LTC","2016-09-20",3.83,3.84
"9030","LTC","2016-09-21",3.87,3.84
"9031","LTC","2016-09-22",3.86,3.77
"9032","LTC","2016-09-23",3.77,3.81
"9033","LTC","2016-09-24",3.81,3.81
"9034","LTC","2016-09-25",3.8,3.81
"9035","LTC","2016-09-26",3.8,3.86
"9036","LTC","2016-09-27",3.86,3.85
"9037","LTC","2016-09-28",3.85,3.84
"9038","LTC","2016-09-29",3.84,3.85
"9039","LTC","2016-09-30",3.84,3.84
"9040","LTC","2016-10-01",3.85,3.85
"9041","LTC","2016-10-02",3.85,3.84
"9042","LTC","2016-10-03",3.85,3.84
"9043","LTC","2016-10-04",3.84,3.82
"9044","LTC","2016-10-05",3.83,3.84
"9045","LTC","2016-10-06",3.85,3.85
"9046","LTC","2016-10-07",3.84,3.86
"9047","LTC","2016-10-08",3.86,3.84
"9048","LTC","2016-10-09",3.84,3.82
"9049","LTC","2016-10-10",3.82,3.8
"9050","LTC","2016-10-11",3.8,3.82
"9051","LTC","2016-10-12",3.82,3.76
"9052","LTC","2016-10-13",3.75,3.91
"9053","LTC","2016-10-14",3.91,3.9
"9054","LTC","2016-10-15",3.9,3.87
"9055","LTC","2016-10-16",3.88,3.89
"9056","LTC","2016-10-17",3.89,3.91
"9057","LTC","2016-10-18",3.95,3.84
"9058","LTC","2016-10-19",3.85,3.8
"9059","LTC","2016-10-20",3.81,3.78
"9060","LTC","2016-10-21",3.79,3.81
"9061","LTC","2016-10-22",3.81,3.89
"9062","LTC","2016-10-23",3.89,3.92
"9063","LTC","2016-10-24",3.92,3.87
"9064","LTC","2016-10-25",3.87,3.9
"9065","LTC","2016-10-26",3.91,3.96
"9066","LTC","2016-10-27",3.96,4.02
"9067","LTC","2016-10-28",4.04,3.97
"9068","LTC","2016-10-29",3.98,4.09
"9069","LTC","2016-10-30",4.1,4.03
"9070","LTC","2016-10-31",4.04,3.99
"9071","LTC","2016-11-01",4,4.09
"9072","LTC","2016-11-02",4.09,4.1
"9073","LTC","2016-11-03",4.11,3.86
"9074","LTC","2016-11-04",3.86,3.88
"9075","LTC","2016-11-05",3.88,3.87
"9076","LTC","2016-11-06",3.86,3.89
"9077","LTC","2016-11-07",3.89,3.84
"9078","LTC","2016-11-08",3.84,3.84
"9079","LTC","2016-11-09",3.85,3.86
"9080","LTC","2016-11-10",3.86,3.82
"9081","LTC","2016-11-11",3.84,3.82
"9082","LTC","2016-11-12",3.81,3.76
"9083","LTC","2016-11-13",3.77,3.88
"9084","LTC","2016-11-14",3.88,3.88
"9085","LTC","2016-11-15",3.89,3.89
"9086","LTC","2016-11-16",3.9,4.02
"9087","LTC","2016-11-17",4.06,3.94
"9088","LTC","2016-11-18",3.96,3.96
"9089","LTC","2016-11-19",3.98,3.95
"9090","LTC","2016-11-20",3.97,3.92
"9091","LTC","2016-11-21",3.93,3.94
"9092","LTC","2016-11-22",3.95,3.95
"9093","LTC","2016-11-23",3.97,3.93
"9094","LTC","2016-11-24",3.93,3.91
"9095","LTC","2016-11-25",3.91,3.92
"9096","LTC","2016-11-26",3.92,3.89
"9097","LTC","2016-11-27",3.91,3.88
"9098","LTC","2016-11-28",3.9,3.88
"9099","LTC","2016-11-29",3.89,3.87
"9100","LTC","2016-11-30",3.89,3.89
"9101","LTC","2016-12-01",3.91,3.91
"9102","LTC","2016-12-02",3.92,3.95
"9103","LTC","2016-12-03",3.95,3.92
"9104","LTC","2016-12-04",3.93,3.9
"9105","LTC","2016-12-05",3.88,3.53
"9106","LTC","2016-12-06",3.49,3.54
"9107","LTC","2016-12-07",3.54,3.62
"9108","LTC","2016-12-08",3.6,3.69
"9109","LTC","2016-12-09",3.69,3.69
"9110","LTC","2016-12-10",3.69,3.68
"9111","LTC","2016-12-11",3.69,3.64
"9112","LTC","2016-12-12",3.64,3.66
"9113","LTC","2016-12-13",3.67,3.65
"9114","LTC","2016-12-14",3.66,3.62
"9115","LTC","2016-12-15",3.61,3.62
"9116","LTC","2016-12-16",3.63,3.63
"9117","LTC","2016-12-17",3.63,3.7
"9118","LTC","2016-12-18",3.7,3.68
"9119","LTC","2016-12-19",3.68,3.66
"9120","LTC","2016-12-20",3.66,3.66
"9121","LTC","2016-12-21",3.66,3.65
"9122","LTC","2016-12-22",3.67,3.71
"9123","LTC","2016-12-23",3.72,4.66
"9124","LTC","2016-12-24",4.65,4.55
"9125","LTC","2016-12-25",4.56,4.35
"9126","LTC","2016-12-26",4.35,4.36
"9127","LTC","2016-12-27",4.37,4.47
"9128","LTC","2016-12-28",4.49,4.57
"9129","LTC","2016-12-29",4.58,4.56
"9130","LTC","2016-12-30",4.56,4.39
"9131","LTC","2016-12-31",4.39,4.33
"9132","LTC","2017-01-01",4.33,4.51
"9133","LTC","2017-01-02",4.52,4.65
"9134","LTC","2017-01-03",4.66,4.63
"9135","LTC","2017-01-04",4.63,4.84
"9136","LTC","2017-01-05",4.91,4.29
"9137","LTC","2017-01-06",4.3,3.86
"9138","LTC","2017-01-07",3.86,3.96
"9139","LTC","2017-01-08",3.96,3.99
"9140","LTC","2017-01-09",4,4.3
"9141","LTC","2017-01-10",4.3,4.59
"9142","LTC","2017-01-11",4.6,3.85
"9143","LTC","2017-01-12",3.84,3.96
"9144","LTC","2017-01-13",3.95,3.89
"9145","LTC","2017-01-14",3.89,3.9
"9146","LTC","2017-01-15",3.89,3.93
"9147","LTC","2017-01-16",3.92,3.9
"9148","LTC","2017-01-17",3.91,3.94
"9149","LTC","2017-01-18",3.94,3.84
"9150","LTC","2017-01-19",3.84,3.86
"9151","LTC","2017-01-20",3.86,3.89
"9152","LTC","2017-01-21",3.89,3.9
"9153","LTC","2017-01-22",3.9,3.84
"9154","LTC","2017-01-23",3.86,3.84
"9155","LTC","2017-01-24",3.84,3.79
"9156","LTC","2017-01-25",3.79,3.71
"9157","LTC","2017-01-26",3.71,3.83
"9158","LTC","2017-01-27",3.84,3.86
"9159","LTC","2017-01-28",3.85,3.85
"9160","LTC","2017-01-29",3.85,3.85
"9161","LTC","2017-01-30",3.86,4.02
"9162","LTC","2017-01-31",4.02,4.08
"9163","LTC","2017-02-01",4.08,4.08
"9164","LTC","2017-02-02",4.08,4.09
"9165","LTC","2017-02-03",4.08,4.08
"9166","LTC","2017-02-04",4.08,4.06
"9167","LTC","2017-02-05",4.07,4.04
"9168","LTC","2017-02-06",4.06,4.04
"9169","LTC","2017-02-07",4.05,4.04
"9170","LTC","2017-02-08",4.05,4.02
"9171","LTC","2017-02-09",4.03,3.8
"9172","LTC","2017-02-10",3.8,3.78
"9173","LTC","2017-02-11",3.78,3.79
"9174","LTC","2017-02-12",3.8,3.76
"9175","LTC","2017-02-13",3.77,3.72
"9176","LTC","2017-02-14",3.72,3.77
"9177","LTC","2017-02-15",3.77,3.81
"9178","LTC","2017-02-16",3.8,3.79
"9179","LTC","2017-02-17",3.78,3.83
"9180","LTC","2017-02-18",3.83,3.79
"9181","LTC","2017-02-19",3.79,3.76
"9182","LTC","2017-02-20",3.77,3.77
"9183","LTC","2017-02-21",3.76,3.78
"9184","LTC","2017-02-22",3.79,3.81
"9185","LTC","2017-02-23",3.8,3.84
"9186","LTC","2017-02-24",3.83,3.85
"9187","LTC","2017-02-25",3.85,3.83
"9188","LTC","2017-02-26",3.82,3.83
"9189","LTC","2017-02-27",3.81,3.8
"9190","LTC","2017-02-28",3.8,3.77
"9191","LTC","2017-03-01",3.77,3.8
"9192","LTC","2017-03-02",3.8,3.92
"9193","LTC","2017-03-03",3.92,3.92
"9194","LTC","2017-03-04",3.91,3.88
"9195","LTC","2017-03-05",3.86,3.9
"9196","LTC","2017-03-06",3.87,3.92
"9197","LTC","2017-03-07",3.89,3.82
"9198","LTC","2017-03-08",3.81,3.78
"9199","LTC","2017-03-09",3.77,3.84
"9200","LTC","2017-03-10",3.83,3.75
"9201","LTC","2017-03-11",3.76,3.8
"9202","LTC","2017-03-12",3.79,3.84
"9203","LTC","2017-03-13",3.85,4.17
"9204","LTC","2017-03-14",4.17,4.06
"9205","LTC","2017-03-15",4.05,4.16
"9206","LTC","2017-03-16",4.15,4.24
"9207","LTC","2017-03-17",4.23,4.06
"9208","LTC","2017-03-18",4.04,3.97
"9209","LTC","2017-03-19",3.96,3.96
"9210","LTC","2017-03-20",3.95,4.03
"9211","LTC","2017-03-21",4.04,4.01
"9212","LTC","2017-03-22",3.99,3.94
"9213","LTC","2017-03-23",3.93,3.98
"9214","LTC","2017-03-24",3.97,4.08
"9215","LTC","2017-03-25",4.07,4.07
"9216","LTC","2017-03-26",4.07,4.06
"9217","LTC","2017-03-27",4.07,4.08
"9218","LTC","2017-03-28",4.07,4.16
"9219","LTC","2017-03-29",4.14,4.19
"9220","LTC","2017-03-30",4.18,6.98
"9221","LTC","2017-03-31",7.02,6.67
"9222","LTC","2017-04-01",6.65,6.88
"9223","LTC","2017-04-02",6.86,7.74
"9224","LTC","2017-04-03",7.74,8.07
"9225","LTC","2017-04-04",8.12,8.29
"9226","LTC","2017-04-05",8.25,11.09
"9227","LTC","2017-04-06",11.12,10.25
"9228","LTC","2017-04-07",10.22,9.37
"9229","LTC","2017-04-08",9.34,9.92
"9230","LTC","2017-04-09",9.89,8.71
"9231","LTC","2017-04-10",8.72,8.92
"9232","LTC","2017-04-11",8.91,8.85
"9233","LTC","2017-04-12",8.83,10.79
"9234","LTC","2017-04-13",10.76,10.15
"9235","LTC","2017-04-14",10.13,10.39
"9236","LTC","2017-04-15",10.34,10.79
"9237","LTC","2017-04-16",10.75,10.71
"9238","LTC","2017-04-17",10.6,10.42
"9239","LTC","2017-04-18",10.42,10.32
"9240","LTC","2017-04-19",10.31,9.66
"9241","LTC","2017-04-20",9.63,10.33
"9242","LTC","2017-04-21",10.29,11.23
"9243","LTC","2017-04-22",11.18,13.06
"9244","LTC","2017-04-23",13.07,13.94
"9245","LTC","2017-04-24",13.96,14.97
"9246","LTC","2017-04-25",14.98,15.21
"9247","LTC","2017-04-26",15.21,14.85
"9248","LTC","2017-04-27",14.84,14.62
"9249","LTC","2017-04-28",14.59,14.34
"9250","LTC","2017-04-29",14.4,15.74
"9251","LTC","2017-04-30",15.7,15.71
"9252","LTC","2017-05-01",15.71,15.92
"9253","LTC","2017-05-02",15.92,15.9
"9254","LTC","2017-05-03",15.88,21.04
"9255","LTC","2017-05-04",21.04,23.39
"9256","LTC","2017-05-05",23.47,26.27
"9257","LTC","2017-05-06",26.47,28.16
"9258","LTC","2017-05-07",28.2,30.29
"9259","LTC","2017-05-08",30.37,28.96
"9260","LTC","2017-05-09",28.96,33.58
"9261","LTC","2017-05-10",33.3,31.96
"9262","LTC","2017-05-11",32.66,30.72
"9263","LTC","2017-05-12",30.93,27.45
"9264","LTC","2017-05-13",27.22,28.91
"9265","LTC","2017-05-14",29.09,28.89
"9266","LTC","2017-05-15",28.89,25.37
"9267","LTC","2017-05-16",25.34,23.33
"9268","LTC","2017-05-17",23.24,25.4
"9269","LTC","2017-05-18",25.17,28.36
"9270","LTC","2017-05-19",28.29,27.7
"9271","LTC","2017-05-20",27.68,27.51
"9272","LTC","2017-05-21",27.48,26.3
"9273","LTC","2017-05-22",26.14,25.38
"9274","LTC","2017-05-23",25.3,32.11
"9275","LTC","2017-05-24",32.12,34.45
"9276","LTC","2017-05-25",34.47,29.9
"9277","LTC","2017-05-26",30.33,23.75
"9278","LTC","2017-05-27",23.4,23.74
"9279","LTC","2017-05-28",24.01,24.22
"9280","LTC","2017-05-29",24.32,25.21
"9281","LTC","2017-05-30",25.32,24.14
"9282","LTC","2017-05-31",24.29,25.3
"9283","LTC","2017-06-01",25.34,28.8
"9284","LTC","2017-06-02",28.9,28.94
"9285","LTC","2017-06-03",29.04,27.66
"9286","LTC","2017-06-04",27.65,27.94
"9287","LTC","2017-06-05",28.09,30.84
"9288","LTC","2017-06-06",30.84,30.55
"9289","LTC","2017-06-07",30.57,28.39
"9290","LTC","2017-06-08",28.38,30.21
"9291","LTC","2017-06-09",30.19,29.68
"9292","LTC","2017-06-10",29.68,30.44
"9293","LTC","2017-06-11",30.5,33.22
"9294","LTC","2017-06-12",33.23,29.5
"9295","LTC","2017-06-13",29.49,30.64
"9296","LTC","2017-06-14",30.74,30.22
"9297","LTC","2017-06-15",30.22,30.22
"9298","LTC","2017-06-16",30.28,35.7
"9299","LTC","2017-06-17",36.18,47.65
"9300","LTC","2017-06-18",47.44,46.04
"9301","LTC","2017-06-19",46.16,50.32
"9302","LTC","2017-06-20",50.41,47.22
"9303","LTC","2017-06-21",47.3,47.79
"9304","LTC","2017-06-22",47.72,47.71
"9305","LTC","2017-06-23",47.75,47.34
"9306","LTC","2017-06-24",47.25,44.49
"9307","LTC","2017-06-25",44.49,43.92
"9308","LTC","2017-06-26",44.04,41.13
"9309","LTC","2017-06-27",41.13,40.54
"9310","LTC","2017-06-28",40.82,42.85
"9311","LTC","2017-06-29",42.83,41.07
"9312","LTC","2017-06-30",41.04,40.35
"9313","LTC","2017-07-01",40.4,38.99
"9314","LTC","2017-07-02",38.95,41.57
"9315","LTC","2017-07-03",41.48,46.43
"9316","LTC","2017-07-04",46.56,55.33
"9317","LTC","2017-07-05",55.27,53.19
"9318","LTC","2017-07-06",53.2,51.13
"9319","LTC","2017-07-07",51.1,46.58
"9320","LTC","2017-07-08",46.64,52.14
"9321","LTC","2017-07-09",52.36,49.58
"9322","LTC","2017-07-10",49.91,46.58
"9323","LTC","2017-07-11",46.27,45.33
"9324","LTC","2017-07-12",45.26,48.75
"9325","LTC","2017-07-13",48.72,46.33
"9326","LTC","2017-07-14",46.36,42.8
"9327","LTC","2017-07-15",42.81,38.92
"9328","LTC","2017-07-16",38.92,40.91
"9329","LTC","2017-07-17",41.19,42.67
"9330","LTC","2017-07-18",42.62,44.3
"9331","LTC","2017-07-19",44.35,40.86
"9332","LTC","2017-07-20",40.96,45.02
"9333","LTC","2017-07-21",45.07,45.76
"9334","LTC","2017-07-22",45.77,46.56
"9335","LTC","2017-07-23",46.63,44.06
"9336","LTC","2017-07-24",44.16,44.41
"9337","LTC","2017-07-25",44.48,42.24
"9338","LTC","2017-07-26",42.29,42.23
"9339","LTC","2017-07-27",42.35,42.14
"9340","LTC","2017-07-28",42.22,40.61
"9341","LTC","2017-07-29",40.56,41.12
"9342","LTC","2017-07-30",41.18,40.42
"9343","LTC","2017-07-31",40.34,43.02
"9344","LTC","2017-08-01",43.02,43.04
"9345","LTC","2017-08-02",43.07,42.13
"9346","LTC","2017-08-03",42.19,42.86
"9347","LTC","2017-08-04",42.89,43.45
"9348","LTC","2017-08-05",43.49,46.86
"9349","LTC","2017-08-06",46.85,45.1
"9350","LTC","2017-08-07",45.17,45.8
"9351","LTC","2017-08-08",45.9,48.63
"9352","LTC","2017-08-09",48.59,48.01
"9353","LTC","2017-08-10",48.05,46.5
"9354","LTC","2017-08-11",46.4,47.1
"9355","LTC","2017-08-12",47.05,46.43
"9356","LTC","2017-08-13",46.57,45.81
"9357","LTC","2017-08-14",45.83,45.8
"9358","LTC","2017-08-15",45.81,43.31
"9359","LTC","2017-08-16",43.37,44.15
"9360","LTC","2017-08-17",44.18,43.91
"9361","LTC","2017-08-18",43.9,47.28
"9362","LTC","2017-08-19",47.05,45.48
"9363","LTC","2017-08-20",45.38,46.23
"9364","LTC","2017-08-21",46.19,47.94
"9365","LTC","2017-08-22",47.9,46.73
"9366","LTC","2017-08-23",46.71,53.25
"9367","LTC","2017-08-24",52.82,50.19
"9368","LTC","2017-08-25",50.17,51.18
"9369","LTC","2017-08-26",51.17,51.75
"9370","LTC","2017-08-27",51.8,61.16
"9371","LTC","2017-08-28",61.36,62.36
"9372","LTC","2017-08-29",62.39,63.17
"9373","LTC","2017-08-30",63.16,64.17
"9374","LTC","2017-08-31",64.16,71.06
"9375","LTC","2017-09-01",70.86,86.04
"9376","LTC","2017-09-02",85.83,79.02
"9377","LTC","2017-09-03",78.98,76.84
"9378","LTC","2017-09-04",76.73,65.21
"9379","LTC","2017-09-05",65.25,71.29
"9380","LTC","2017-09-06",71.78,80.11
"9381","LTC","2017-09-07",79.88,78.48
"9382","LTC","2017-09-08",78.45,67.79
"9383","LTC","2017-09-09",67.21,66.01
"9384","LTC","2017-09-10",65.8,61.61
"9385","LTC","2017-09-11",61.65,66.04
"9386","LTC","2017-09-12",66.24,64.23
"9387","LTC","2017-09-13",64.32,61.73
"9388","LTC","2017-09-14",61.64,41.58
"9389","LTC","2017-09-15",41.69,48.21
"9390","LTC","2017-09-16",48.13,48.26
"9391","LTC","2017-09-17",48.23,48.49
"9392","LTC","2017-09-18",48.53,55.53
"9393","LTC","2017-09-19",55.68,52.84
"9394","LTC","2017-09-20",52.74,51.73
"9395","LTC","2017-09-21",51.66,46.61
"9396","LTC","2017-09-22",46.65,48.09
"9397","LTC","2017-09-23",48.16,49.27
"9398","LTC","2017-09-24",49.25,47.62
"9399","LTC","2017-09-25",47.62,51.58
"9400","LTC","2017-09-26",51.69,51.55
"9401","LTC","2017-09-27",51.58,56.28
"9402","LTC","2017-09-28",56.21,54.09
"9403","LTC","2017-09-29",54.11,52.62
"9404","LTC","2017-09-30",52.63,55.14
"9405","LTC","2017-10-01",55.14,54.54
"9406","LTC","2017-10-02",54.55,53.38
"9407","LTC","2017-10-03",53.39,52.35
"9408","LTC","2017-10-04",52.28,51.4
"9409","LTC","2017-10-05",51.4,51.67
"9410","LTC","2017-10-06",51.64,52.12
"9411","LTC","2017-10-07",52.14,52.58
"9412","LTC","2017-10-08",52.49,53.14
"9413","LTC","2017-10-09",53.08,50.16
"9414","LTC","2017-10-10",50.15,50.72
"9415","LTC","2017-10-11",50.75,50.89
"9416","LTC","2017-10-12",50.89,60.11
"9417","LTC","2017-10-13",60.55,59.43
"9418","LTC","2017-10-14",59.41,63.95
"9419","LTC","2017-10-15",64.13,65.47
"9420","LTC","2017-10-16",65.72,64.62
"9421","LTC","2017-10-17",64.67,59.48
"9422","LTC","2017-10-18",59.59,60.73
"9423","LTC","2017-10-19",60.82,59.74
"9424","LTC","2017-10-20",59.81,60.33
"9425","LTC","2017-10-21",60.3,58.2
"9426","LTC","2017-10-22",58.27,56.81
"9427","LTC","2017-10-23",56.77,54.92
"9428","LTC","2017-10-24",54.96,55.96
"9429","LTC","2017-10-25",55.95,56.49
"9430","LTC","2017-10-26",56.47,55.74
"9431","LTC","2017-10-27",55.67,55.33
"9432","LTC","2017-10-28",55.38,54.69
"9433","LTC","2017-10-29",54.67,57.11
"9434","LTC","2017-10-30",56.84,56.39
"9435","LTC","2017-10-31",56.37,55.75
"9436","LTC","2017-11-01",55.74,53.18
"9437","LTC","2017-11-02",53.56,54.74
"9438","LTC","2017-11-03",54.58,56.18
"9439","LTC","2017-11-04",56.22,55.04
"9440","LTC","2017-11-05",55.03,54.75
"9441","LTC","2017-11-06",54.76,55.17
"9442","LTC","2017-11-07",54.99,61.3
"9443","LTC","2017-11-08",61.11,62.57
"9444","LTC","2017-11-09",62.49,64.27
"9445","LTC","2017-11-10",64.44,59.26
"9446","LTC","2017-11-11",59.35,62.3
"9447","LTC","2017-11-12",62.31,59.01
"9448","LTC","2017-11-13",59.18,61.4
"9449","LTC","2017-11-14",61.64,62.68
"9450","LTC","2017-11-15",62.78,63.82
"9451","LTC","2017-11-16",63.81,71.06
"9452","LTC","2017-11-17",70.45,67.57
"9453","LTC","2017-11-18",67.41,69.64
"9454","LTC","2017-11-19",69.51,71.59
"9455","LTC","2017-11-20",71.41,72.25
"9456","LTC","2017-11-21",72.2,70.03
"9457","LTC","2017-11-22",70.18,71.89
"9458","LTC","2017-11-23",71.98,73.22
"9459","LTC","2017-11-24",73.14,77.97
"9460","LTC","2017-11-25",77.91,88.82
"9461","LTC","2017-11-26",88.94,85.93
"9462","LTC","2017-11-27",85.89,91.6
"9463","LTC","2017-11-28",91.72,96.03
"9464","LTC","2017-11-29",96.01,85.57
"9465","LTC","2017-11-30",86.25,88.33
"9466","LTC","2017-12-01",88,99
"9467","LTC","2017-12-02",98.94,100.28
"9468","LTC","2017-12-03",100.19,101.26
"9469","LTC","2017-12-04",101.4,104.24
"9470","LTC","2017-12-05",104.28,102.4
"9471","LTC","2017-12-06",102.48,100.35
"9472","LTC","2017-12-07",99.98,98.29
"9473","LTC","2017-12-08",98.33,124.85
"9474","LTC","2017-12-09",127.48,155.24
"9475","LTC","2017-12-10",155.63,148.66
"9476","LTC","2017-12-11",148.26,214.2
"9477","LTC","2017-12-12",212.46,316.16
"9478","LTC","2017-12-13",315.36,302.6
"9479","LTC","2017-12-14",301.2,279.33
"9480","LTC","2017-12-15",280.97,299.78
"9481","LTC","2017-12-16",299.34,298.97
"9482","LTC","2017-12-17",301.78,318.72
"9483","LTC","2017-12-18",318.95,358.34
"9484","LTC","2017-12-19",359.13,350.25
"9485","LTC","2017-12-20",349.6,314.62
"9486","LTC","2017-12-21",314.66,317.46
"9487","LTC","2017-12-22",319.26,264.93
"9488","LTC","2017-12-23",269.27,288.27
"9489","LTC","2017-12-24",291.01,275.98
"9490","LTC","2017-12-25",277.49,273.39
"9491","LTC","2017-12-26",273.11,286.5
"9492","LTC","2017-12-27",286.59,272.17
"9493","LTC","2017-12-28",272.13,249.93
"9494","LTC","2017-12-29",250.35,245.5
"9495","LTC","2017-12-30",245.09,218.96
"9496","LTC","2017-12-31",216.98,232.1
"9497","LTC","2018-01-01",231.67,229.03
"9498","LTC","2018-01-02",228.99,255.68
"9499","LTC","2018-01-03",255.7,245.37
"9500","LTC","2018-01-04",245.48,241.37
"9501","LTC","2018-01-05",241.03,249.27
"9502","LTC","2018-01-06",249.77,296.45
"9503","LTC","2018-01-07",296.05,288.45
"9504","LTC","2018-01-08",287.73,255.76
"9505","LTC","2018-01-09",254.61,247.04
"9506","LTC","2018-01-10",248.07,250.52
"9507","LTC","2018-01-11",251.52,229.37
"9508","LTC","2018-01-12",229.79,236.86
"9509","LTC","2018-01-13",236.88,259.19
"9510","LTC","2018-01-14",260.58,238.68
"9511","LTC","2018-01-15",237.29,232.77
"9512","LTC","2018-01-16",232.82,188.33
"9513","LTC","2018-01-17",190.15,186.52
"9514","LTC","2018-01-18",186.95,192.84
"9515","LTC","2018-01-19",191.19,192.96
"9516","LTC","2018-01-20",194.38,211.02
"9517","LTC","2018-01-21",211.24,190.42
"9518","LTC","2018-01-22",191.79,180.01
"9519","LTC","2018-01-23",180.28,177.81
"9520","LTC","2018-01-24",178.43,179.99
"9521","LTC","2018-01-25",181.56,180.27
"9522","LTC","2018-01-26",179.82,176.73
"9523","LTC","2018-01-27",176.66,180.89
"9524","LTC","2018-01-28",181.42,193.87
"9525","LTC","2018-01-29",193.75,181.66
"9526","LTC","2018-01-30",181.45,165.28
"9527","LTC","2018-01-31",165.3,163.35
"9528","LTC","2018-02-01",163.68,142.3
"9529","LTC","2018-02-02",142.56,131.38
"9530","LTC","2018-02-03",131.4,160.25
"9531","LTC","2018-02-04",160.38,148.02
"9532","LTC","2018-02-05",148.73,125.33
"9533","LTC","2018-02-06",127.52,142.99
"9534","LTC","2018-02-07",142.48,138.2
"9535","LTC","2018-02-08",138.34,149.47
"9536","LTC","2018-02-09",149.73,163.95
"9537","LTC","2018-02-10",163.49,155.59
"9538","LTC","2018-02-11",155.39,148.99
"9539","LTC","2018-02-12",150.1,161.57
"9540","LTC","2018-02-13",161.77,159.55
"9541","LTC","2018-02-14",159.58,213.36
"9542","LTC","2018-02-15",212.35,225.43
"9543","LTC","2018-02-16",225.5,230.12
"9544","LTC","2018-02-17",229.5,229.46
"9545","LTC","2018-02-18",230.51,215.74
"9546","LTC","2018-02-19",215.41,223.06
"9547","LTC","2018-02-20",223.09,232.85
"9548","LTC","2018-02-21",230.95,213.35
"9549","LTC","2018-02-22",212.84,195.31
"9550","LTC","2018-02-23",194.19,209.31
"9551","LTC","2018-02-24",210.64,209.42
"9552","LTC","2018-02-25",208.13,220.48
"9553","LTC","2018-02-26",222.14,220.96
"9554","LTC","2018-02-27",221.71,216.6
"9555","LTC","2018-02-28",217.28,202.9
"9556","LTC","2018-03-01",203.12,209.75
"9557","LTC","2018-03-02",209.55,212.56
"9558","LTC","2018-03-03",213.84,210.64
"9559","LTC","2018-03-04",210.24,213.8
"9560","LTC","2018-03-05",213.74,211.18
"9561","LTC","2018-03-06",210.51,196.6
"9562","LTC","2018-03-07",196.83,185.84
"9563","LTC","2018-03-08",185.7,176.51
"9564","LTC","2018-03-09",176.48,187.17
"9565","LTC","2018-03-10",188.11,177.73
"9566","LTC","2018-03-11",177.51,188.95
"9567","LTC","2018-03-12",189.02,178.23
"9568","LTC","2018-03-13",177.6,175.78
"9569","LTC","2018-03-14",175.94,161.1
"9570","LTC","2018-03-15",161.2,164.48
"9571","LTC","2018-03-16",164.82,165.45
"9572","LTC","2018-03-17",165.19,152.97
"9573","LTC","2018-03-18",152.54,154.07
"9574","LTC","2018-03-19",155.48,161.14
"9575","LTC","2018-03-20",161.52,168.82
"9576","LTC","2018-03-21",169.56,169.05
"9577","LTC","2018-03-22",168.72,163.67
"9578","LTC","2018-03-23",163.58,167.83
"9579","LTC","2018-03-24",168.53,159.63
"9580","LTC","2018-03-25",158.86,160.08
"9581","LTC","2018-03-26",160.16,149.22
"9582","LTC","2018-03-27",148.96,135.78
"9583","LTC","2018-03-28",135.49,131.75
"9584","LTC","2018-03-29",131.93,114.68
"9585","LTC","2018-03-30",114.8,118.6
"9586","LTC","2018-03-31",118.64,116.61
"9587","LTC","2018-04-01",116.9,115.22
"9588","LTC","2018-04-02",115.24,119.31
"9589","LTC","2018-04-03",119.51,134.47
"9590","LTC","2018-04-04",133.91,118.41
"9591","LTC","2018-04-05",118.21,119.13
"9592","LTC","2018-04-06",118.82,113.15
"9593","LTC","2018-04-07",113.14,116.26
"9594","LTC","2018-04-08",116.29,117.67
"9595","LTC","2018-04-09",117.78,114.99
"9596","LTC","2018-04-10",115.21,114.26
"9597","LTC","2018-04-11",114.29,118.29
"9598","LTC","2018-04-12",118.29,129.34
"9599","LTC","2018-04-13",129.27,125.35
"9600","LTC","2018-04-14",125.22,126.29
"9601","LTC","2018-04-15",126.67,132.04
"9602","LTC","2018-04-16",131.97,128.34
"9603","LTC","2018-04-17",128.71,132.93
"9604","LTC","2018-04-18",132.38,140
"9605","LTC","2018-04-19",140.04,146.3
"9606","LTC","2018-04-20",146.5,155.54
"9607","LTC","2018-04-21",155.68,148.93
"9608","LTC","2018-04-22",148.61,146.77
"9609","LTC","2018-04-23",146.67,152.25
"9610","LTC","2018-04-24",152.57,165.78
"9611","LTC","2018-04-25",165.09,144.76
"9612","LTC","2018-04-26",144.7,153.68
"9613","LTC","2018-04-27",153.44,145.9
"9614","LTC","2018-04-28",145.74,152.3
"9615","LTC","2018-04-29",152.16,153.63
"9616","LTC","2018-04-30",153.65,148.48
"9617","LTC","2018-05-01",148.34,148.49
"9618","LTC","2018-05-02",148.45,151.58
"9619","LTC","2018-05-03",151.86,161.46
"9620","LTC","2018-05-04",160.47,168.79
"9621","LTC","2018-05-05",168.35,177.76
"9622","LTC","2018-05-06",178.02,171.8
"9623","LTC","2018-05-07",171.76,164.88
"9624","LTC","2018-05-08",164.83,159.62
"9625","LTC","2018-05-09",159.62,157.05
"9626","LTC","2018-05-10",157.15,149.87
"9627","LTC","2018-05-11",149.45,137.12
"9628","LTC","2018-05-12",137.26,141.88
"9629","LTC","2018-05-13",141.8,144.59
"9630","LTC","2018-05-14",144.62,147.71
"9631","LTC","2018-05-15",147.49,139.88
"9632","LTC","2018-05-16",139.65,139.27
"9633","LTC","2018-05-17",139.56,132.77
"9634","LTC","2018-05-18",132.7,136.06
"9635","LTC","2018-05-19",135.96,135.32
"9636","LTC","2018-05-20",135.27,139.7
"9637","LTC","2018-05-21",139.64,134.51
"9638","LTC","2018-05-22",134.26,128.68
"9639","LTC","2018-05-23",128.81,119.31
"9640","LTC","2018-05-24",119.19,122.61
"9641","LTC","2018-05-25",122.56,119.44
"9642","LTC","2018-05-26",119.35,118.28
"9643","LTC","2018-05-27",118.5,117.99
"9644","LTC","2018-05-28",117.93,111.6
"9645","LTC","2018-05-29",111.84,119.57
"9646","LTC","2018-05-30",119.54,117.53
"9647","LTC","2018-05-31",117.32,118.07
"9648","LTC","2018-06-01",118.03,119.92
"9649","LTC","2018-06-02",119.83,123.31
"9650","LTC","2018-06-03",123.29,125.5
"9651","LTC","2018-06-04",125.21,119.9
"9652","LTC","2018-06-05",119.9,121.7
"9653","LTC","2018-06-06",121.89,121.18
"9654","LTC","2018-06-07",121.34,121.43
"9655","LTC","2018-06-08",121.52,120.08
"9656","LTC","2018-06-09",120.11,117.74
"9657","LTC","2018-06-10",117.56,107.04
"9658","LTC","2018-06-11",106.54,107.52
"9659","LTC","2018-06-12",107.43,100.75
"9660","LTC","2018-06-13",100.8,94.08
"9661","LTC","2018-06-14",93.99,101.15
"9662","LTC","2018-06-15",101.11,96.68
"9663","LTC","2018-06-16",96.58,97.58
"9664","LTC","2018-06-17",97.72,96.1
"9665","LTC","2018-06-18",95.77,98.82
"9666","LTC","2018-06-19",98.73,98.84
"9667","LTC","2018-06-20",98.96,97.99
"9668","LTC","2018-06-21",97.88,96.93
"9669","LTC","2018-06-22",96.94,85.08
"9670","LTC","2018-06-23",85.09,82.6
"9671","LTC","2018-06-24",82.74,80.78
"9672","LTC","2018-06-25",80.37,81.83
"9673","LTC","2018-06-26",81.82,76.87
"9674","LTC","2018-06-27",76.93,80.66
"9675","LTC","2018-06-28",80.63,74.93
"9676","LTC","2018-06-29",74.81,78.77
"9677","LTC","2018-06-30",78.95,81.37
"9678","LTC","2018-07-01",81.5,80.24
"9679","LTC","2018-07-02",80.27,85.26
"9680","LTC","2018-07-03",85.39,85.1
"9681","LTC","2018-07-04",85.17,85.49
"9682","LTC","2018-07-05",85.65,83.76
"9683","LTC","2018-07-06",83.84,83.38
"9684","LTC","2018-07-07",83.4,86.2
"9685","LTC","2018-07-08",86.26,82.4
"9686","LTC","2018-07-09",82.54,80.86
"9687","LTC","2018-07-10",80.78,76.08
"9688","LTC","2018-07-11",76.13,78.7
"9689","LTC","2018-07-12",78.59,76.81
"9690","LTC","2018-07-13",77.29,76.94
"9691","LTC","2018-07-14",76.97,76.72
"9692","LTC","2018-07-15",76.7,78.94
"9693","LTC","2018-07-16",78.96,84.6
"9694","LTC","2018-07-17",84.3,89.81
"9695","LTC","2018-07-18",89.82,86.96
"9696","LTC","2018-07-19",86.9,86.67
"9697","LTC","2018-07-20",86.68,82.75
"9698","LTC","2018-07-21",82.66,84.46
"9699","LTC","2018-07-22",84.26,83.16
"9700","LTC","2018-07-23",83.23,82.43
"9701","LTC","2018-07-24",82.68,89.29
"9702","LTC","2018-07-25",88.66,86.28
"9703","LTC","2018-07-26",86.28,84.03
"9704","LTC","2018-07-27",83.73,84.46
"9705","LTC","2018-07-28",84.54,83.62
"9706","LTC","2018-07-29",84.05,84.08
"9707","LTC","2018-07-30",84.15,82.85
"9708","LTC","2018-07-31",82.69,79.7
"9709","LTC","2018-08-01",80.39,77.86
"9710","LTC","2018-08-02",77.71,76.14
"9711","LTC","2018-08-03",76.3,77.54
"9712","LTC","2018-08-04",77.42,73.2
"9713","LTC","2018-08-05",73.38,74.59
"9714","LTC","2018-08-06",75.06,73.89
"9715","LTC","2018-08-07",74,68.17
"9716","LTC","2018-08-08",68.16,62.49
"9717","LTC","2018-08-09",62.47,63.98
"9718","LTC","2018-08-10",63.98,59.39
"9719","LTC","2018-08-11",59.49,58.36
"9720","LTC","2018-08-12",58.22,59.33
"9721","LTC","2018-08-13",59.48,56.85
"9722","LTC","2018-08-14",57,54.56
"9723","LTC","2018-08-15",54.68,54.5
"9724","LTC","2018-08-16",54.54,55.36
"9725","LTC","2018-08-17",55.33,61.51
"9726","LTC","2018-08-18",61.56,57.28
"9727","LTC","2018-08-19",57.22,57.94
"9728","LTC","2018-08-20",57.91,54
"9729","LTC","2018-08-21",53.77,56.35
"9730","LTC","2018-08-22",56.66,55.32
"9731","LTC","2018-08-23",55.19,57.54
"9732","LTC","2018-08-24",57.6,57.93
"9733","LTC","2018-08-25",57.92,57.91
"9734","LTC","2018-08-26",58.05,57.33
"9735","LTC","2018-08-27",57.26,60.25
"9736","LTC","2018-08-28",60.23,63.02
"9737","LTC","2018-08-29",63.03,61.77
"9738","LTC","2018-08-30",61.77,60.32
"9739","LTC","2018-08-31",60.42,61.93
"9740","LTC","2018-09-01",61.74,65.95
"9741","LTC","2018-09-02",65.98,65.65
"9742","LTC","2018-09-03",65.82,65.37
"9743","LTC","2018-09-04",65.32,67.71
"9744","LTC","2018-09-05",67.67,58.44
"9745","LTC","2018-09-06",58.32,57.49
"9746","LTC","2018-09-07",57.34,56.2
"9747","LTC","2018-09-08",56.13,53.24
"9748","LTC","2018-09-09",53.27,54.92
"9749","LTC","2018-09-10",54.99,54.6
"9750","LTC","2018-09-11",54.61,52.37
"9751","LTC","2018-09-12",52.39,51.66
"9752","LTC","2018-09-13",51.88,54.54
"9753","LTC","2018-09-14",54.65,56.58
"9754","LTC","2018-09-15",56.34,56.71
"9755","LTC","2018-09-16",56.58,56.97
"9756","LTC","2018-09-17",57.02,52.54
"9757","LTC","2018-09-18",52.29,54.1
"9758","LTC","2018-09-19",54.02,54.33
"9759","LTC","2018-09-20",54.37,56.63
"9760","LTC","2018-09-21",56.78,60.72
"9761","LTC","2018-09-22",60.81,60.44
"9762","LTC","2018-09-23",60.55,61.37
"9763","LTC","2018-09-24",61.34,57.97
"9764","LTC","2018-09-25",58.02,57.54
"9765","LTC","2018-09-26",57.45,57.4
"9766","LTC","2018-09-27",57.45,62.98
"9767","LTC","2018-09-28",63.17,61.9
"9768","LTC","2018-09-29",61.64,61.61
"9769","LTC","2018-09-30",61.63,61.14
"9770","LTC","2018-10-01",61.1,60.21
"9771","LTC","2018-10-02",60.3,59.71
"9772","LTC","2018-10-03",59.58,57.48
"9773","LTC","2018-10-04",57.52,58.28
"9774","LTC","2018-10-05",58.33,58.77
"9775","LTC","2018-10-06",58.88,57.84
"9776","LTC","2018-10-07",57.93,58.16
"9777","LTC","2018-10-08",58.23,59.41
"9778","LTC","2018-10-09",59.45,58.71
"9779","LTC","2018-10-10",58.66,57.98
"9780","LTC","2018-10-11",57.98,51.23
"9781","LTC","2018-10-12",50.87,53.55
"9782","LTC","2018-10-13",53.46,53.45
"9783","LTC","2018-10-14",53.51,52.19
"9784","LTC","2018-10-15",52.17,54.88
"9785","LTC","2018-10-16",54.97,54.07
"9786","LTC","2018-10-17",54.26,53.67
"9787","LTC","2018-10-18",53.72,52.53
"9788","LTC","2018-10-19",52.55,53.02
"9789","LTC","2018-10-20",53.07,53.36
"9790","LTC","2018-10-21",53.43,52.92
"9791","LTC","2018-10-22",52.78,52.2
"9792","LTC","2018-10-23",52.24,52.54
"9793","LTC","2018-10-24",52.46,52.52
"9794","LTC","2018-10-25",52.49,52.23
"9795","LTC","2018-10-26",52.22,52.1
"9796","LTC","2018-10-27",52.13,51.93
"9797","LTC","2018-10-28",52.05,51.94
"9798","LTC","2018-10-29",51.83,49.07
"9799","LTC","2018-10-30",49,49.24
"9800","LTC","2018-10-31",49.34,49.44
"9801","LTC","2018-11-01",49.56,50.27
"9802","LTC","2018-11-02",50.34,51.33
"9803","LTC","2018-11-03",51.3,50.97
"9804","LTC","2018-11-04",50.99,53.61
"9805","LTC","2018-11-05",53.59,53.55
"9806","LTC","2018-11-06",53.7,55.95
"9807","LTC","2018-11-07",56.04,54.19
"9808","LTC","2018-11-08",54.19,52.37
"9809","LTC","2018-11-09",52.36,51.9
"9810","LTC","2018-11-10",51.93,52.4
"9811","LTC","2018-11-11",52.32,51.36
"9812","LTC","2018-11-12",51.48,50.65
"9813","LTC","2018-11-13",50.63,49.7
"9814","LTC","2018-11-14",49.58,43.61
"9815","LTC","2018-11-15",43.73,43.95
"9816","LTC","2018-11-16",43.96,42.46
"9817","LTC","2018-11-17",42.49,41.93
"9818","LTC","2018-11-18",42.09,42.33
"9819","LTC","2018-11-19",42.34,36.64
"9820","LTC","2018-11-20",36.57,33.04
"9821","LTC","2018-11-21",33.07,34.67
"9822","LTC","2018-11-22",34.69,32.2
"9823","LTC","2018-11-23",32.02,32.16
"9824","LTC","2018-11-24",32.26,29.22
"9825","LTC","2018-11-25",29.23,30.89
"9826","LTC","2018-11-26",30.87,29.41
"9827","LTC","2018-11-27",29.41,31.07
"9828","LTC","2018-11-28",31.12,34.63
"9829","LTC","2018-11-29",34.72,33.8
